Vth,Track,Voltage,Frequency,Worst Slack,Leaf Cell,Cell Area,Dynamic Power,Leakage Power,Combinational Cell,Sequential Cell,Leaf Cell,Buf/Inv Cell,,,,,,Combinational Cell,Sequential Cell,Leaf Cell,Buf/Inv Cell,,corresponding,Combinational Cell,,Sequential Cell,,Leaf Cell,,Buf/Inv Cell,
svt,14,1.2,100000,9163.7227,101903,2386570.366,4.65535,0.10161,95903,6000,101903,6347,,,,t14,1.2,108364.15,6000,114364.15,14158.65,,,109734,552800000,6000,,115734,552800000,16862,552800000
svt,14,1.2,50300000,16.7662,101372,2379586.508,37.7483,0.10133,95372,6000,101372,5816,,,,,0.8,118923.2,6000,124923.2,18299.8,,,121104,301600000,6000,,127104,301600000,21589,904500000
svt,14,1.2,100600000,7.338,101372,2379586.508,70.9402,0.10133,95372,6000,101372,5816,,,,,0.6,132884.2,6000,138884.2,23496,,,135456,150800000,6000,,141456,150800000,25423,954800000
svt,14,1.2,150800000,4.2009,101372,2379586.508,104.096,0.10133,95372,6000,101372,5816,,,,,0.4,139201.9,6000,145201.9,24850.5,,,141204,753800000,6000,,147204,753800000,25410,753800000
svt,14,1.2,201100000,2.6301,101372,2379586.508,137.3433,0.10133,95372,6000,101372,5816,,,,t12,1.2,102330.15,6000,108330.15,12238.15,,,101593,603100000,6000,,107593,603100000,12505,603100000
svt,14,1.2,251300000,1.6911,101372,2379586.508,170.5574,0.10133,95372,6000,101372,5816,,,,,0.8,119034.1,6000,125034.1,17414.8,,,119992,301600000,6000,,125992,301600000,22006,854300000
svt,14,1.2,301600000,1.0637,101372,2379586.508,203.8389,0.10133,95372,6000,101372,5816,,,,,0.6,124069.65,6000,130069.65,19843.85,,,124324,150800000,6000,,130324,150800000,21302,552800000
svt,14,1.2,351800000,0.6165,101372,2379586.508,237.0591,0.10133,95372,6000,101372,5816,,,,,0.4,137436,6000,143436,24531.9,,,139107,251300000,6000,,145107,251300000,25036,452300000
svt,14,1.2,402100000,0.2804,101372,2379586.508,270.3418,0.10133,95372,6000,101372,5816,,,,t9,1.2,108787.45,6000,114787.45,14345.9,,,109371,653300000,6000,,115371,653300000,13530,603100000
svt,14,1.2,452300000,0.0193,101372,2379586.508,303.5674,0.10133,95372,6000,101372,5816,,,,,0.8,117649.15,6000,123649.15,25045.55,,,119865,351800000,6000,,125865,351800000,26139,351800000
svt,14,1.2,502600000,0.0001,102683,2405343.61,340.4659,0.10254,96683,6000,102683,6655,,,,,0.6,125404.55,6000,131404.55,16387.65,,,130992,703500000,6000,,136992,703500000,16837,150800000
svt,14,1.2,552800000,0.0001,115734,2640188.701,400.4113,0.11414,109734,6000,115734,16862,,,,,0.4,140093.85,6000,146093.85,21714.5,,,141222,502600000,6000,,147222,502600000,21981,502600000
svt,14,1.2,603100000,0,120328,2717874.548,447.2517,0.11872,114328,6000,120328,21477,,,,t7,1.2,110395.45,6000,116395.45,16932.5,,,110354,703500000,6000,,116354,703500000,16831,653300000
svt,14,1.2,653300000,0,122127,2800030.592,502.4436,0.12487,116127,6000,122127,22336,,,,,0.8,119093.9,6000,125093.9,17916.5,,,117238,402100000,6000,,123238,402100000,18665,452300000
svt,14,1.2,703500000,0,129656,3004151.989,584.8602,0.13779,123656,6000,129656,25535,,,,,0.6,127573.7,6000,133573.7,20433.35,,,129944,452300000,6000,,135944,452300000,20905,150800000
svt,14,1.2,753800000,0,136358,3195314.304,669.3353,0.14995,130358,6000,136358,29961,,,,,0.4,134888,6000,140888,19497.3,,,135292,301600000,6000,,141292,301600000,19452,402100000
svt,14,1.2,804000000,-0.0863,133125,3219481.885,727.9162,0.15449,127125,6000,133125,27583,,,,,,,,,,,,,446031250,,,,446031250,,555950000
svt,14,1.2,854300000,-0.1094,136681,3478700.508,834.2396,0.17316,130681,6000,136681,24120,,,,,,,,,,,,,,,,,,,
svt,14,1.2,904500000,-0.1733,137556,3517258.268,899.8826,0.17554,131556,6000,137556,24441,,,,,,,,,,,,,,,,,,,
svt,14,1.2,954800000,-0.1976,138784,3609981.193,978.2872,0.18411,132784,6000,138784,25512,,,,,,,,,,,,,,,,,,,
svt,14,0.8,100000,8205.1289,101771,2370294.964,0.3660822,0.042124,95771,6000,101771,6251,,,,,,,,,,,,,,,,,,,
svt,14,0.8,50300000,14.1066,101195,2361790.236,13.5697,0.041917,95195,6000,101195,5675,,,,,,,,,,,,,,,,,,,
svt,14,0.8,100600000,4.6901,101195,2361790.236,26.8185,0.041917,95195,6000,101195,5675,,,,,,,,,,,,,,,,,,,
svt,14,0.8,150800000,1.5664,101195,2361790.236,40.0555,0.041917,95195,6000,101195,5675,,,,,,,,,,,,,,,,,,,
svt,14,0.8,201100000,0.0038,101195,2361790.236,53.3232,0.041917,95195,6000,101195,5675,,,,,,,,,,,,,,,,,,,
svt,14,0.8,251300000,0,112375,2594155.992,71.8149,0.046387,106375,6000,112375,13356,,,,,,,,,,,,,,,,,,,
svt,14,0.8,301600000,0,127104,2990649.008,98.1838,0.055653,121104,6000,127104,24293,,,,,,,,,,,,,,,,,,,
svt,14,0.8,351800000,-0.1228,133663,3303504.715,131.3738,0.06431,127663,6000,133663,28599,,,,,,,,,,,,,,,,,,,
svt,14,0.8,402100000,-0.3182,135086,3579421.228,162.5896,0.07059,129086,6000,135086,23211,,,,,,,,,,,,,,,,,,,
svt,14,0.8,452300000,-0.5759,134691,3599665.175,184.9879,0.071132,128691,6000,134691,22338,,,,,,,,,,,,,,,,,,,
svt,14,0.8,502600000,-0.7429,136084,3663362.182,209.8712,0.072938,130084,6000,136084,23156,,,,,,,,,,,,,,,,,,,
svt,14,0.8,552800000,-0.9694,134949,3601349.749,226.2724,0.071176,128949,6000,134949,22718,,,,,,,,,,,,,,,,,,,
svt,14,0.8,603100000,-1.0758,135926,3664320.648,252.012,0.07311,129926,6000,135926,23371,,,,,,,,,,,,,,,,,,,
svt,14,0.8,653300000,-1.2196,134947,3589877.212,264.9077,0.070851,128947,6000,134947,22768,,,,,,,,,,,,,,,,,,,
svt,14,0.8,703500000,-1.3223,135038,3591472.013,287.1573,0.070518,129038,6000,135038,22634,,,,,,,,,,,,,,,,,,,
svt,14,0.8,753800000,-1.41,134792,3593668.826,307.3363,0.070815,128792,6000,134792,22664,,,,,,,,,,,,,,,,,,,
svt,14,0.8,804000000,-1.5405,134208,3520455.816,317.0162,0.068631,128208,6000,134208,22118,,,,,,,,,,,,,,,,,,,
svt,14,0.8,854300000,-1.6394,134439,3525736.616,338.9385,0.068523,128439,6000,134439,22035,,,,,,,,,,,,,,,,,,,
svt,14,0.8,904500000,-1.6698,133950,3509197.151,356.4896,0.068159,127950,6000,133950,21589,,,,,,,,,,,,,,,,,,,
svt,14,0.8,954800000,-1.7235,134661,3530196.252,378.8373,0.068843,128661,6000,134661,22195,,,,,,,,,,,,,,,,,,,
svt,14,0.6,100000,9366.8027,97018,2249554.756,0.1741002,0.030842,91018,6000,97018,6566,,,,,,,,,,,,,,,,,,,
svt,14,0.6,50300000,5.8044,96471,2240189.257,9.4908,0.028457,90471,6000,96471,6019,,,,,,,,,,,,,,,,,,,
svt,14,0.6,100600000,0.0001,105709,2281374.215,18.0284,1.9248,99709,6000,105709,11840,,,,,,,,,,,,,,,,,,,
svt,14,0.6,150800000,-0.8742,141456,3132541.459,32.9835,3.8337,135456,6000,141456,29244,,,,,,,,,,,,,,,,,,,
svt,14,0.6,201100000,-2.314,146344,3244945.924,43.8622,4.3785,140344,6000,146344,26177,,,,,,,,,,,,,,,,,,,
svt,14,0.6,251300000,-3.183,146745,3252455.222,54.9496,4.3784,140745,6000,146745,26190,,,,,,,,,,,,,,,,,,,
svt,14,0.6,301600000,-3.75,146813,3269932.029,65.9341,4.3798,140813,6000,146813,26936,,,,,,,,,,,,,,,,,,,
svt,14,0.6,351800000,-4.4123,145399,3172414.138,74.1556,4.3799,139399,6000,145399,25633,,,,,,,,,,,,,,,,,,,
svt,14,0.6,402100000,-4.7435,146545,3193402.677,85.5525,4.3796,140545,6000,146545,26036,,,,,,,,,,,,,,,,,,,
svt,14,0.6,452300000,-4.9999,145450,3167880.572,94.8521,4.3798,139450,6000,145450,25983,,,,,,,,,,,,,,,,,,,
svt,14,0.6,502600000,-5.2392,146209,3168997.461,106.121,4.3796,140209,6000,146209,25736,,,,,,,,,,,,,,,,,,,
svt,14,0.6,552800000,-5.3858,145579,3168572.356,116.1762,4.3797,139579,6000,145579,25755,,,,,,,,,,,,,,,,,,,
svt,14,0.6,603100000,-5.6053,145495,3157920.983,126.2512,4.3796,139495,6000,145495,25692,,,,,,,,,,,,,,,,,,,
svt,14,0.6,653300000,-5.5735,146426,3198406.235,139.3839,4.3796,140426,6000,146426,26179,,,,,,,,,,,,,,,,,,,
svt,14,0.6,703500000,-5.5735,146426,3198406.235,139.3839,4.38E-09,140426,6000,146426,26179,,,,,,,,,,,,,,,,,,,
svt,14,0.6,753800000,-5.712,146313,3209173.786,161.1198,4.3807,140313,6000,146313,26450,,,,,,,,,,,,,,,,,,,
svt,14,0.6,804000000,-5.9463,145966,3177478.425,170.452,4.3801,139966,6000,145966,25785,,,,,,,,,,,,,,,,,,,
svt,14,0.6,854300000,-5.9193,146250,3210034.557,182.4293,4.3806,140250,6000,146250,26166,,,,,,,,,,,,,,,,,,,
svt,14,0.6,904500000,-6.0659,145891,3174647.917,190.8925,4.3799,139891,6000,145891,25931,,,,,,,,,,,,,,,,,,,
svt,14,0.6,954800000,-6.1085,145179,3149717.26,199.8949,4.3793,139179,6000,145179,25423,,,,,,,,,,,,,,,,,,,
svt,14,0.4,100000,9298.4111,96971,2261507.846,0.0158552,0.015247,90971,6000,96971,6472,,,,,,,,,,,,,,,,,,,
svt,14,0.4,50300000,-31.4964,148045,3312101.834,4.5967,0.1821,142045,6000,148045,25962,,,,,,,,,,,,,,,,,,,
svt,14,0.4,100600000,-41.6955,147907,3293698.246,8.618,0.18185,141907,6000,147907,25775,,,,,,,,,,,,,,,,,,,
svt,14,0.4,150800000,-44.2596,147772,3303742.327,12.7033,0.18208,141772,6000,147772,25716,,,,,,,,,,,,,,,,,,,
svt,14,0.4,201100000,-45.2845,147993,3335017.865,17.0487,0.18245,141993,6000,147993,26008,,,,,,,,,,,,,,,,,,,
svt,14,0.4,251300000,-46.3562,147367,3315888.167,20.9144,0.18226,141367,6000,147367,25985,,,,,,,,,,,,,,,,,,,
svt,14,0.4,301600000,-47.4213,147287,3287860.322,24.8754,0.18189,141287,6000,147287,25628,,,,,,,,,,,,,,,,,,,
svt,14,0.4,351800000,-47.6937,147936,3302675.606,29.0954,0.18197,141936,6000,147936,25828,,,,,,,,,,,,,,,,,,,
svt,14,0.4,402100000,-48.389,148000,3315856.482,33.3244,0.18223,142000,6000,148000,25930,,,,,,,,,,,,,,,,,,,
svt,14,0.4,452300000,-48.4589,147551,3305730.549,36.8802,0.18038,141551,6000,147551,25688,,,,,,,,,,,,,,,,,,,
svt,14,0.4,502600000,-48.6758,147753,3295736.635,40.9274,0.18194,141753,6000,147753,25777,,,,,,,,,,,,,,,,,,,
svt,14,0.4,552800000,-48.6572,147836,3316706.691,45.2277,0.18225,141836,6000,147836,26072,,,,,,,,,,,,,,,,,,,
svt,14,0.4,603100000,-49.1307,147302,3283949.889,48.7247,0.18181,141302,6000,147302,25495,,,,,,,,,,,,,,,,,,,
svt,14,0.4,653300000,-48.8649,148044,3335577.629,53.9097,0.18254,142044,6000,148044,26217,,,,,,,,,,,,,,,,,,,
svt,14,0.4,703500000,-49.2114,147454,3292282.992,57.4852,0.18196,141454,6000,147454,25541,,,,,,,,,,,,,,,,,,,
svt,14,0.4,753800000,-49.3912,147204,3287202.862,60.9632,0.18184,141204,6000,147204,25410,,,,,,,,,,,,,,,,,,,
svt,14,0.4,804000000,-48.572,148485,3352526.357,67.1427,0.18264,142485,6000,148485,26099,,,,,,,,,,,,,,,,,,,
svt,14,0.4,854300000,-49.4995,147683,3298910.395,69.5358,0.18199,141683,6000,147683,25863,,,,,,,,,,,,,,,,,,,
svt,14,0.4,904500000,-49.1103,148059,3330729.855,74.4791,0.18241,142059,6000,148059,25969,,,,,,,,,,,,,,,,,,,
svt,14,0.4,954800000,-49.72,147389,3291614.97,77.3069,0.18189,141389,6000,147389,25575,,,,,,,,,,,,,,,,,,,
svt,12,1.2,100000,7359.8281,95712,1742353.953,4.012786,0.078448,89712,6000,95712,5191,,,,,,,,,,,,,,,,,,,
svt,12,1.2,50300000,16.9634,95204,1737139.54,33.6977,0.078222,89204,6000,95204,4683,,,,,,,,,,,,,,,,,,,
svt,12,1.2,100600000,7.555,95204,1737139.54,63.4901,0.078222,89204,6000,95204,4683,,,,,,,,,,,,,,,,,,,
svt,12,1.2,150800000,4.4267,95204,1737139.54,93.256,0.078222,89204,6000,95204,4683,,,,,,,,,,,,,,,,,,,
svt,12,1.2,201100000,2.8605,95204,1737139.54,123.1086,0.078222,89204,6000,95204,4683,,,,,,,,,,,,,,,,,,,
svt,12,1.2,251300000,1.9243,95204,1737139.54,152.9317,0.078222,89204,6000,95204,4683,,,,,,,,,,,,,,,,,,,
svt,12,1.2,301600000,1.2988,95204,1737139.54,182.8143,0.078222,89204,6000,95204,4683,,,,,,,,,,,,,,,,,,,
svt,12,1.2,351800000,0.8528,95204,1737139.54,212.6375,0.078222,89204,6000,95204,4683,,,,,,,,,,,,,,,,,,,
svt,12,1.2,402100000,0.5177,95204,1737139.54,242.5201,0.078222,89204,6000,95204,4683,,,,,,,,,,,,,,,,,,,
svt,12,1.2,452300000,0.2574,95204,1737139.54,272.3493,0.078222,89204,6000,95204,4683,,,,,,,,,,,,,,,,,,,
svt,12,1.2,502600000,0.048,95204,1737139.54,302.2805,0.078222,89204,6000,95204,4683,,,,,,,,,,,,,,,,,,,
svt,12,1.2,552800000,0,95737,1743793.348,333.0102,0.07854,89737,6000,95737,5004,,,,,,,,,,,,,,,,,,,
svt,12,1.2,603100000,0,107593,1891098.243,379.081,0.085889,101593,6000,107593,12505,,,,,,,,,,,,,,,,,,,
svt,12,1.2,653300000,0.0001,120742,2066297.079,418.2692,0.096216,114742,6000,120742,21528,,,,,,,,,,,,,,,,,,,
svt,12,1.2,703500000,0,121111,2108338.284,454.3402,0.099254,115111,6000,121111,21492,,,,,,,,,,,,,,,,,,,
svt,12,1.2,753800000,0,125211,2218497.282,513.7689,0.1062,119211,6000,125211,23965,,,,,,,,,,,,,,,,,,,
svt,12,1.2,804000000,-0.0531,129122,2378118.517,588.8231,0.11871,123122,6000,129122,26314,,,,,,,,,,,,,,,,,,,
svt,12,1.2,854300000,-0.1205,132298,2422699.031,630.1832,0.1211,126298,6000,132298,27259,,,,,,,,,,,,,,,,,,,
svt,12,1.2,904500000,-0.1176,144035,2717182.09,727.5452,0.1383,138035,6000,144035,27579,,,,,,,,,,,,,,,,,,,
svt,12,1.2,954800000,-0.1985,143002,2693318.909,763.142,0.13683,137002,6000,143002,27096,,,,,,,,,,,,,,,,,,,
svt,12,0.8,100000,8236.0039,100917,2064294.159,0.2721976,0.03773,94917,6000,100917,5216,,,,,,,,,,,,,,,,,,,
svt,12,0.8,50300000,14.2371,100340,2051273.969,11.6565,0.03714,94340,6000,100340,4639,,,,,,,,,,,,,,,,,,,
svt,12,0.8,100600000,4.8698,100340,2051273.969,23.0847,0.03714,94340,6000,100340,4639,,,,,,,,,,,,,,,,,,,
svt,12,0.8,150800000,1.7627,100340,2051273.969,34.4993,0.03714,94340,6000,100340,4639,,,,,,,,,,,,,,,,,,,
svt,12,0.8,201100000,0.2086,100340,2051273.969,45.9415,0.03714,94340,6000,100340,4639,,,,,,,,,,,,,,,,,,,
svt,12,0.8,251300000,0,102574,2101596.22,58.7291,0.038254,96574,6000,102574,6178,,,,,,,,,,,,,,,,,,,
svt,12,0.8,301600000,0,125992,2528195.832,80.4149,0.044762,119992,6000,125992,22513,,,,,,,,,,,,,,,,,,,
svt,12,0.8,351800000,-0.1764,131509,2776706.511,105.7948,0.051639,125509,6000,131509,25741,,,,,,,,,,,,,,,,,,,
svt,12,0.8,402100000,-0.329,135021,2986269.772,128.8256,0.055265,129021,6000,135021,22284,,,,,,,,,,,,,,,,,,,
svt,12,0.8,452300000,-0.5897,136456,3044151.113,149.2726,0.056456,130456,6000,136456,22411,,,,,,,,,,,,,,,,,,,
svt,12,0.8,502600000,-0.7904,136278,3039522.869,165.3395,0.056507,130278,6000,136278,22362,,,,,,,,,,,,,,,,,,,
svt,12,0.8,552800000,-0.9414,136504,3061066.27,183.9871,0.057201,130504,6000,136504,22723,,,,,,,,,,,,,,,,,,,
svt,12,0.8,603100000,-1.0874,136796,3056637.187,200.3935,0.056823,130796,6000,136796,22398,,,,,,,,,,,,,,,,,,,
svt,12,0.8,653300000,-1.2107,136841,3045420.768,216.0697,0.056537,130841,6000,136841,22355,,,,,,,,,,,,,,,,,,,
svt,12,0.8,703500000,-1.2958,137080,3065889.149,234.9363,0.057272,131080,6000,137080,22664,,,,,,,,,,,,,,,,,,,
svt,12,0.8,753800000,-1.4249,136222,3032706.11,247.9561,0.056384,130222,6000,136222,22360,,,,,,,,,,,,,,,,,,,
svt,12,0.8,804000000,-1.4241,138276,3093054.338,268.6645,0.058157,132276,6000,138276,23635,,,,,,,,,,,,,,,,,,,
svt,12,0.8,854300000,-1.5677,136132,2997696.668,275.7729,0.055266,130132,6000,136132,22006,,,,,,,,,,,,,,,,,,,
svt,12,0.8,904500000,-1.6343,135576,2980881.092,289.2335,0.054927,129576,6000,135576,22016,,,,,,,,,,,,,,,,,,,
svt,12,0.8,954800000,-1.6504,137148,3042288.498,313.5517,0.056517,131148,6000,137148,22878,,,,,,,,,,,,,,,,,,,
svt,12,0.6,100000,9376.959,100952,2238992.794,0.1519969,0.028484,94952,6000,100952,5253,,,,,,,,,,,,,,,,,,,
svt,12,0.6,50300000,5.6753,100748,2219284.848,7.0848,0.02804,94748,6000,100748,5049,,,,,,,,,,,,,,,,,,,
svt,12,0.6,100600000,0,110380,2365673.159,14.373,1.5484,104380,6000,110380,11874,,,,,,,,,,,,,,,,,,,
svt,12,0.6,150800000,-0.9307,130324,2896357.356,25.7119,2.7353,124324,6000,130324,24301,,,,,,,,,,,,,,,,,,,
svt,12,0.6,201100000,-2.0678,134807,3064035.586,35.7158,3.9865,128807,6000,134807,22034,,,,,,,,,,,,,,,,,,,
svt,12,0.6,251300000,-2.9681,134888,3070666.763,44.9144,4.0068,128888,6000,134888,22003,,,,,,,,,,,,,,,,,,,
svt,12,0.6,301600000,-3.4953,135836,3098811.918,54.2212,4.0111,129836,6000,135836,22965,,,,,,,,,,,,,,,,,,,
svt,12,0.6,351800000,-4.1921,133918,2967455.788,59.9557,4.0069,127918,6000,133918,21324,,,,,,,,,,,,,,,,,,,
svt,12,0.6,402100000,-4.5206,135232,3014204.447,69.5055,4.0076,129232,6000,135232,22205,,,,,,,,,,,,,,,,,,,
svt,12,0.6,452300000,-4.7049,135091,2999000.27,78.0204,4.0114,129091,6000,135091,22077,,,,,,,,,,,,,,,,,,,
svt,12,0.6,502600000,-4.8518,136094,3052434.422,88.702,4.0115,130094,6000,136094,22598,,,,,,,,,,,,,,,,,,,
svt,12,0.6,552800000,-5.2239,134059,2959321.847,93.6581,4.0088,128059,6000,134059,21302,,,,,,,,,,,,,,,,,,,
svt,12,0.6,603100000,-5.278,135118,3000355.926,104.1216,4.0113,129118,6000,135118,21996,,,,,,,,,,,,,,,,,,,
svt,12,0.6,653300000,-5.4985,134826,2987643.531,112.0491,4.0075,128826,6000,134826,21448,,,,,,,,,,,,,,,,,,,
svt,12,0.6,703500000,-5.5912,135342,3013358.011,122.3064,4.0114,129342,6000,135342,21896,,,,,,,,,,,,,,,,,,,
svt,12,0.6,753800000,-5.6592,134683,2967833.741,128.456,4.0092,128683,6000,134683,21365,,,,,,,,,,,,,,,,,,,
svt,12,0.6,804000000,-5.7259,134018,2959937.437,136.3825,4.0108,128018,6000,134018,21319,,,,,,,,,,,,,,,,,,,
svt,12,0.6,854300000,-5.6815,135272,3023902.26,149.1379,4.0098,129272,6000,135272,22190,,,,,,,,,,,,,,,,,,,
svt,12,0.6,904500000,-5.8519,134314,2984812.269,155.3447,4.0098,128314,6000,134314,21695,,,,,,,,,,,,,,,,,,,
svt,12,0.6,954800000,-5.9115,135491,3024486.165,165.8373,4.0111,129491,6000,135491,21983,,,,,,,,,,,,,,,,,,,
svt,12,0.4,100000,9282.6904,95932,1970375.853,0.0131593,0.013085,89932,6000,95932,5387,,,,,,,,,,,,,,,,,,,
svt,12,0.4,50300000,-30.3366,147786,2800531.187,3.7171,0.1547,141786,6000,147786,26170,,,,,,,,,,,,,,,,,,,
svt,12,0.4,100600000,-41.4345,146221,2722611.474,6.8073,0.15402,140221,6000,146221,25647,,,,,,,,,,,,,,,,,,,
svt,12,0.4,150800000,-43.3311,146345,2783661.295,10.2553,0.15472,140345,6000,146345,26006,,,,,,,,,,,,,,,,,,,
svt,12,0.4,201100000,-45.9949,145984,2703960.442,13.0015,0.15389,139984,6000,145984,25722,,,,,,,,,,,,,,,,,,,
svt,12,0.4,251300000,-47.2821,145107,2691675.793,16.0619,0.15365,139107,6000,145107,25232,,,,,,,,,,,,,,,,,,,
svt,12,0.4,301600000,-46.3671,145798,2789461.877,20.11,0.1548,139798,6000,145798,25795,,,,,,,,,,,,,,,,,,,
svt,12,0.4,351800000,-47.7487,145210,2722199.572,22.6768,0.15392,139210,6000,145210,25325,,,,,,,,,,,,,,,,,,,
svt,12,0.4,402100000,-48.184,145772,2716054.983,25.8866,0.15389,139772,6000,145772,25217,,,,,,,,,,,,,,,,,,,
svt,12,0.4,452300000,-48.8252,145510,2699716.942,28.8375,0.15361,139510,6000,145510,25036,,,,,,,,,,,,,,,,,,,
svt,12,0.4,502600000,-48.8327,145719,2714258.002,32.1408,0.15392,139719,6000,145719,25536,,,,,,,,,,,,,,,,,,,
svt,12,0.4,552800000,-48.0867,146235,2766429.29,36.1741,0.15441,140235,6000,146235,25867,,,,,,,,,,,,,,,,,,,
svt,12,0.4,603100000,-48.4133,146295,2776192.735,39.5664,0.15462,140295,6000,146295,25584,,,,,,,,,,,,,,,,,,,
svt,12,0.4,653300000,-48.4289,145956,2749588.819,42.3933,0.1543,139956,6000,145956,25758,,,,,,,,,,,,,,,,,,,
svt,12,0.4,703500000,-48.6844,145827,2742636.268,45.2228,0.15419,139827,6000,145827,25553,,,,,,,,,,,,,,,,,,,
svt,12,0.4,753800000,-49.1697,146101,2739096.623,48.7406,0.15422,140101,6000,146101,25661,,,,,,,,,,,,,,,,,,,
svt,12,0.4,804000000,-49.5185,145671,2713185.246,51.2513,0.15389,139671,6000,145671,25443,,,,,,,,,,,,,,,,,,,
svt,12,0.4,854300000,-48.8362,146216,2751313.377,55.4552,0.15419,140216,6000,146216,25407,,,,,,,,,,,,,,,,,,,
svt,12,0.4,904500000,-50.9022,145465,2651261.829,55.6929,0.15352,139465,6000,145465,25078,,,,,,,,,,,,,,,,,,,
svt,12,0.4,954800000,-49.7532,145570,2718064.705,60.7859,0.15382,139570,6000,145570,25214,,,,,,,,,,,,,,,,,,,
svt,9,1.2,100000,8999.6162,111870,1864938.464,2.524512,0.069939,105870,6000,111870,12773,,,,,,,,,,,,,,,,,,,
svt,9,1.2,50300000,16.9248,111294,1860375.853,24.1674,0.06976,105294,6000,111294,12197,,,,,,,,,,,,,,,,,,,
svt,9,1.2,100600000,7.515,111294,1860375.853,45.8797,0.06976,105294,6000,111294,12197,,,,,,,,,,,,,,,,,,,
svt,9,1.2,150800000,4.3864,111294,1860375.853,67.5637,0.06976,105294,6000,111294,12197,,,,,,,,,,,,,,,,,,,
svt,9,1.2,201100000,2.8204,111294,1860375.853,89.3088,0.06976,105294,6000,111294,12197,,,,,,,,,,,,,,,,,,,
svt,9,1.2,251300000,1.8843,111294,1860375.853,111.0277,0.06976,105294,6000,111294,12197,,,,,,,,,,,,,,,,,,,
svt,9,1.2,301600000,1.2588,111294,1860375.853,132.7896,0.06976,105294,6000,111294,12197,,,,,,,,,,,,,,,,,,,
svt,9,1.2,351800000,0.813,111294,1860375.853,154.5087,0.06976,105294,6000,111294,12197,,,,,,,,,,,,,,,,,,,
svt,9,1.2,402100000,0.4779,111294,1860375.853,176.2703,0.06976,105294,6000,111294,12197,,,,,,,,,,,,,,,,,,,
svt,9,1.2,452300000,0.2177,111294,1860375.853,197.9918,0.06976,105294,6000,111294,12197,,,,,,,,,,,,,,,,,,,
svt,9,1.2,502600000,0.0085,111294,1860375.853,219.7995,0.06976,105294,6000,111294,12197,,,,,,,,,,,,,,,,,,,
svt,9,1.2,552800000,0,111337,1861061.603,241.6168,0.069789,105337,6000,111337,12211,,,,,,,,,,,,,,,,,,,
svt,9,1.2,603100000,0,113438,1897715.261,266.6283,0.070379,107438,6000,113438,13530,,,,,,,,,,,,,,,,,,,
svt,9,1.2,653300000,0.0001,115371,1978155.052,289.9195,0.070991,109371,6000,115371,17161,,,,,,,,,,,,,,,,,,,
svt,9,1.2,703500000,0,113802,1982542.831,312.3274,0.071132,107802,6000,113802,17137,,,,,,,,,,,,,,,,,,,
svt,9,1.2,753800000,0,117310,2036886.789,343.3947,0.074269,111310,6000,117310,18616,,,,,,,,,,,,,,,,,,,
svt,9,1.2,804000000,-0.0122,121942,2142239.314,387.8923,0.081138,115942,6000,121942,20807,,,,,,,,,,,,,,,,,,,
svt,9,1.2,854300000,-0.0914,123864,2184692.986,417.1561,0.083514,117864,6000,123864,22114,,,,,,,,,,,,,,,,,,,
svt,9,1.2,904500000,-0.078,127123,2251979.616,462.1109,0.087657,121123,6000,127123,15402,,,,,,,,,,,,,,,,,,,
svt,9,1.2,954800000,-0.1353,126752,2256231.604,486.9192,0.088208,120752,6000,126752,15197,,,,,,,,,,,,,,,,,,,
svt,9,0.8,100000,8567.4609,106154,15948.7698,0.1704095,0.031809,100154,6000,106154,17070,,,,,,,,,,,,,,,,,,,
svt,9,0.8,50300000,13.6689,105571,13565.6203,12.0226,0.031608,99571,6000,105571,16492,,,,,,,,,,,,,,,,,,,
svt,9,0.8,100600000,4.3862,105563,13738.7551,23.9078,0.031606,99563,6000,105563,16489,,,,,,,,,,,,,,,,,,,
svt,9,0.8,150800000,1.4612,105568,13647.0955,35.793,0.031608,99568,6000,105568,16495,,,,,,,,,,,,,,,,,,,
svt,9,0.8,201100000,0.0032,105580,13677.6487,47.7049,0.031608,99580,6000,105580,16502,,,,,,,,,,,,,,,,,,,
svt,9,0.8,251300000,0.0004,106930,14370.1878,60.4016,0.03221,100930,6000,106930,16998,,,,,,,,,,,,,,,,,,,
svt,9,0.8,301600000,0.0002,113978,17140.3445,70.6283,0.033386,107978,6000,113978,19747,,,,,,,,,,,,,,,,,,,
svt,9,0.8,351800000,0,125865,18250.4441,74.8951,0.034423,119865,6000,125865,26139,,,,,,,,,,,,,,,,,,,
svt,9,0.8,402100000,-0.2588,133470,12893.4499,90.4965,0.039561,127470,6000,133470,29840,,,,,,,,,,,,,,,,,,,
svt,9,0.8,452300000,-0.5151,133462,12985.1095,107.4896,0.040986,127462,6000,133462,29970,,,,,,,,,,,,,,,,,,,
svt,9,0.8,502600000,-0.6846,133730,12638.8399,121.6957,0.041426,127730,6000,133730,29738,,,,,,,,,,,,,,,,,,,
svt,9,0.8,552800000,-0.8276,133835,11976.8539,133.9691,0.041293,127835,6000,133835,29853,,,,,,,,,,,,,,,,,,,
svt,9,0.8,603100000,-0.9746,132402,11762.9815,143.9366,0.041031,126402,6000,132402,29313,,,,,,,,,,,,,,,,,,,
svt,9,0.8,653300000,-1.1151,131785,11895.3787,151.2321,0.03902,125785,6000,131785,28556,,,,,,,,,,,,,,,,,,,
svt,9,0.8,703500000,-1.1889,132025,12384.2299,164.9855,0.039509,126025,6000,132025,28924,,,,,,,,,,,,,,,,,,,
svt,9,0.8,753800000,-1.2514,134111,15663.6066,178.0551,0.041277,128111,6000,134111,30131,,,,,,,,,,,,,,,,,,,
svt,9,0.8,804000000,-1.3277,133765,14227.6062,193.0707,0.041732,127765,6000,133765,29974,,,,,,,,,,,,,,,,,,,
svt,9,0.8,854300000,-1.4295,132337,12791.6059,202.1301,0.040682,126337,6000,132337,29452,,,,,,,,,,,,,,,,,,,
svt,9,0.8,904500000,-1.5696,133660,14044.2871,211.8692,0.040505,127660,6000,133660,30013,,,,,,,,,,,,,,,,,,,
svt,9,0.8,954800000,-1.5016,133192,11569.478,230.8534,0.041454,127192,6000,133192,29215,,,,,,,,,,,,,,,,,,,
svt,9,0.6,100000,9428.834,100990,1544925.996,0.0418288,0.01321,94990,6000,100990,7925,,,,,,,,,,,,,,,,,,,
svt,9,0.6,50300000,9.0684,100226,1533702.787,4.8699,0.012909,94226,6000,100226,7161,,,,,,,,,,,,,,,,,,,
svt,9,0.6,100600000,0.0041,100226,1533729.946,9.719,0.01291,94226,6000,100226,7161,,,,,,,,,,,,,,,,,,,
svt,9,0.6,150800000,-0.229,113277,1824080.37,16.1776,0.017007,107277,6000,113277,16837,,,,,,,,,,,,,,,,,,,
svt,9,0.6,201100000,-1.3885,139966,2042927.83,23.2835,0.020644,133966,6000,139966,19168,,,,,,,,,,,,,,,,,,,
svt,9,0.6,251300000,-2.3179,138567,2057172.412,28.9075,0.020844,132567,6000,138567,18374,,,,,,,,,,,,,,,,,,,
svt,9,0.6,301600000,-2.8876,139451,2062324.021,34.743,0.020854,133451,6000,139451,18371,,,,,,,,,,,,,,,,,,,
svt,9,0.6,351800000,-3.4454,138787,2017186.758,39.4636,0.020151,132787,6000,138787,18005,,,,,,,,,,,,,,,,,,,
svt,9,0.6,402100000,-3.7498,138176,2030441.756,45.5209,0.020335,132176,6000,138176,17818,,,,,,,,,,,,,,,,,,,
svt,9,0.6,452300000,-3.7808,139442,2102538.823,53.2319,0.021607,133442,6000,139442,19004,,,,,,,,,,,,,,,,,,,
svt,9,0.6,502600000,-4.1674,139130,2068042.562,58.1025,0.020983,133130,6000,139130,18496,,,,,,,,,,,,,,,,,,,
svt,9,0.6,552800000,-4.3455,139011,2049515.44,63.6315,0.020621,133011,6000,139011,18178,,,,,,,,,,,,,,,,,,,
svt,9,0.6,603100000,-4.6367,137445,1987438.126,65.891,0.019763,131445,6000,137445,17765,,,,,,,,,,,,,,,,,,,
svt,9,0.6,653300000,-4.7399,137957,1996617.665,71.8679,0.019825,131957,6000,137957,17834,,,,,,,,,,,,,,,,,,,
svt,9,0.6,703500000,-4.9184,136992,1974817.957,76.4808,0.01952,130992,6000,136992,17530,,,,,,,,,,,,,,,,,,,
svt,9,0.6,753800000,-4.9411,138537,2000759.321,84.3452,0.019927,132537,6000,138537,17943,,,,,,,,,,,,,,,,,,,
svt,9,0.6,804000000,-5.0603,137106,1986171.866,88.2773,0.019751,131106,6000,137106,17785,,,,,,,,,,,,,,,,,,,
svt,9,0.6,854300000,-5.0995,137319,1987314.216,94.0639,0.019738,131319,6000,137319,17423,,,,,,,,,,,,,,,,,,,
svt,9,0.6,904500000,-5.1365,137983,2002699.449,100.8336,0.01995,131983,6000,137983,17736,,,,,,,,,,,,,,,,,,,
svt,9,0.6,954800000,-5.2422,137503,1981802.758,104.7854,0.019566,131503,6000,137503,17239,,,,,,,,,,,,,,,,,,,
svt,9,0.4,100000,9338.1387,108794,1557227.028,0.0096019,0.0096108,102794,6000,108794,6544,,,,,,,,,,,,,,,,,,,
svt,9,0.4,50300000,-22.3145,148326,2149758.771,2.5422,0.10722,142326,6000,148326,23441,,,,,,,,,,,,,,,,,,,
svt,9,0.4,100600000,-32.8984,147943,2079973.56,4.6337,0.10644,141943,6000,147943,22763,,,,,,,,,,,,,,,,,,,
svt,9,0.4,150800000,-36.2779,148373,2065430.235,6.774,0.10608,142373,6000,148373,22404,,,,,,,,,,,,,,,,,,,
svt,9,0.4,201100000,-38.7825,147939,2049252.315,8.8153,0.10592,141939,6000,147939,22234,,,,,,,,,,,,,,,,,,,
svt,9,0.4,251300000,-39.3367,147567,2060989.837,10.9964,0.10646,141567,6000,147567,22278,,,,,,,,,,,,,,,,,,,
svt,9,0.4,301600000,-39.356,147899,2064124.935,13.1765,0.10654,141899,6000,147899,22487,,,,,,,,,,,,,,,,,,,
svt,9,0.4,351800000,-39.3715,148731,2078503.611,15.4907,0.10646,142731,6000,148731,22449,,,,,,,,,,,,,,,,,,,
svt,9,0.4,402100000,-39.6942,148091,2080998.789,17.6605,0.10655,142091,6000,148091,22693,,,,,,,,,,,,,,,,,,,
svt,9,0.4,452300000,-40.3772,147322,2070653.136,19.6633,0.10656,141322,6000,147322,22155,,,,,,,,,,,,,,,,,,,
svt,9,0.4,502600000,-41.085,147222,2032938.604,21.3107,0.10606,141222,6000,147222,21981,,,,,,,,,,,,,,,,,,,
svt,9,0.4,552800000,-40.3938,149002,2100894.016,24.4066,0.10703,143002,6000,149002,23102,,,,,,,,,,,,,,,,,,,
svt,9,0.4,603100000,-41.2427,147276,2053370.208,25.8265,0.10623,141276,6000,147276,22263,,,,,,,,,,,,,,,,,,,
svt,9,0.4,653300000,-41.2679,147774,2055094.767,27.9663,0.10646,141774,6000,147774,22377,,,,,,,,,,,,,,,,,,,
svt,9,0.4,703500000,-40.3918,148861,2106105.034,31.1763,0.10721,142861,6000,148861,23039,,,,,,,,,,,,,,,,,,,
svt,9,0.4,753800000,-41.8955,148268,2064170.765,32.4264,0.10628,142268,6000,148268,22506,,,,,,,,,,,,,,,,,,,
svt,9,0.4,804000000,-41.4042,147997,2050123.082,34.2913,0.10618,141997,6000,147997,22089,,,,,,,,,,,,,,,,,,,
svt,9,0.4,854300000,-41.3489,148348,2070625.977,36.9261,0.10649,142348,6000,148348,22934,,,,,,,,,,,,,,,,,,,
svt,9,0.4,904500000,-41.2406,148467,2073399.529,39.2337,0.10623,142467,6000,148467,22436,,,,,,,,,,,,,,,,,,,
svt,9,0.4,954800000,-42.1391,147677,2032646.65,40.0858,0.10594,141677,6000,147677,22115,,,,,,,,,,,,,,,,,,,
svt,7,1.2,100000,8841.9541,113678,1443365.382,1.790448,0.048302,107678,6000,113678,15157,,,,,,,,,,,,,,,,,,,
svt,7,1.2,50300000,16.9984,113244,1441134.244,18.276,0.048217,107244,6000,113244,14723,,,,,,,,,,,,,,,,,,,
svt,7,1.2,100600000,7.5878,113244,1441134.244,34.8136,0.048217,107244,6000,113244,14723,,,,,,,,,,,,,,,,,,,
svt,7,1.2,150800000,4.4584,113244,1441134.244,51.3304,0.048217,107244,6000,113244,14723,,,,,,,,,,,,,,,,,,,
svt,7,1.2,201100000,2.8927,113244,1441134.244,67.9029,0.048217,107244,6000,113244,14723,,,,,,,,,,,,,,,,,,,
svt,7,1.2,251300000,1.9568,113244,1441134.244,84.46,0.048217,107244,6000,113244,14723,,,,,,,,,,,,,,,,,,,
svt,7,1.2,301600000,1.3315,113244,1441134.244,101.05,0.048217,107244,6000,113244,14723,,,,,,,,,,,,,,,,,,,
svt,7,1.2,351800000,0.8858,113244,1441134.244,117.6073,0.048217,107244,6000,113244,14723,,,,,,,,,,,,,,,,,,,
svt,7,1.2,402100000,0.5507,113244,1441134.244,134.197,0.048217,107244,6000,113244,14723,,,,,,,,,,,,,,,,,,,
svt,7,1.2,452300000,0.2905,113244,1441134.244,150.7582,0.048217,107244,6000,113244,14723,,,,,,,,,,,,,,,,,,,
svt,7,1.2,502600000,0.0812,113244,1441134.244,167.3702,0.048217,107244,6000,113244,14723,,,,,,,,,,,,,,,,,,,
svt,7,1.2,552800000,0.0008,113254,1441246.461,183.9624,0.048224,107254,6000,113254,14725,,,,,,,,,,,,,,,,,,,
svt,7,1.2,603100000,0.0001,113624,1445700.816,201.2409,0.048458,107624,6000,113624,14846,,,,,,,,,,,,,,,,,,,
svt,7,1.2,653300000,0,116217,1479812.143,220.8256,0.049625,110217,6000,116217,16831,,,,,,,,,,,,,,,,,,,
svt,7,1.2,703500000,0,116354,1531735.607,239.1771,0.05096,110354,6000,116354,20077,,,,,,,,,,,,,,,,,,,
svt,7,1.2,753800000,0,119335,1585297.44,265.2067,0.053633,113335,6000,119335,21234,,,,,,,,,,,,,,,,,,,
svt,7,1.2,804000000,-0.0227,121597,1666520.104,299.1254,0.058244,115597,6000,121597,22258,,,,,,,,,,,,,,,,,,,
svt,7,1.2,854300000,-0.0917,121398,1692825.088,322.979,0.059762,115398,6000,121398,21882,,,,,,,,,,,,,,,,,,,
svt,7,1.2,904500000,-0.1567,122621,1709677.441,344.4329,0.060476,116621,6000,122621,22043,,,,,,,,,,,,,,,,,,,
svt,7,1.2,954800000,-0.1231,137391,1781160.987,365.1118,0.061732,131391,6000,137391,22367,,,,,,,,,,,,,,,,,,,
svt,7,0.8,100000,9461.6328,113752,1450849.596,0.1036662,0.020276,107752,6000,113752,15290,,,,,,,,,,,,,,,,,,,
svt,7,0.8,50300000,14.8444,113107,1441502.58,7.0279,0.019951,107107,6000,113107,14645,,,,,,,,,,,,,,,,,,,
svt,7,0.8,100600000,5.4795,113107,1441502.58,13.9778,0.019951,107107,6000,113107,14645,,,,,,,,,,,,,,,,,,,
svt,7,0.8,150800000,2.3781,113107,1441502.58,20.9205,0.019951,107107,6000,113107,14645,,,,,,,,,,,,,,,,,,,
svt,7,0.8,201100000,0.8248,113107,1441502.58,27.8775,0.019951,107107,6000,113107,14645,,,,,,,,,,,,,,,,,,,
svt,7,0.8,251300000,0.018,113107,1441506.54,34.8216,0.019952,107107,6000,113107,14645,,,,,,,,,,,,,,,,,,,
svt,7,0.8,301600000,0,114056,1455409.566,42.1435,0.02024,108056,6000,114056,14982,,,,,,,,,,,,,,,,,,,
svt,7,0.8,351800000,-0.0001,119113,1563834.95,50.768,0.021899,113113,6000,119113,20909,,,,,,,,,,,,,,,,,,,
svt,7,0.8,402100000,-0.1299,123238,1738626.787,64.4491,0.025818,117238,6000,123238,23795,,,,,,,,,,,,,,,,,,,
svt,7,0.8,452300000,-0.2747,131151,1704235.575,68.7627,0.02412,125151,6000,131151,18665,,,,,,,,,,,,,,,,,,,
svt,7,0.8,502600000,-0.4735,132540,1736320.395,78.3337,0.024707,126540,6000,132540,18852,,,,,,,,,,,,,,,,,,,
svt,7,0.8,552800000,-0.6324,133078,1748456.993,87.4234,0.025002,127078,6000,133078,19225,,,,,,,,,,,,,,,,,,,
svt,7,0.8,603100000,-0.7608,133691,1770388.155,96.8415,0.025489,127691,6000,133691,19149,,,,,,,,,,,,,,,,,,,
svt,7,0.8,653300000,-0.8924,133896,1758832.445,105.0961,0.025168,127896,6000,133896,18943,,,,,,,,,,,,,,,,,,,
svt,7,0.8,703500000,-1.0021,132944,1757735.359,112.1027,0.025205,126944,6000,132944,19147,,,,,,,,,,,,,,,,,,,
svt,7,0.8,753800000,-1.0831,133680,1759386.929,121.0373,0.025175,127680,6000,133680,19004,,,,,,,,,,,,,,,,,,,
svt,7,0.8,804000000,-1.1517,133849,1760039.108,128.8974,0.025211,127849,6000,133849,19100,,,,,,,,,,,,,,,,,,,
svt,7,0.8,854300000,-1.2435,133202,1733848.981,133.043,0.024578,127202,6000,133202,19064,,,,,,,,,,,,,,,,,,,
svt,7,0.8,904500000,-1.2979,134472,1755398.605,144.044,0.025044,128472,6000,134472,19305,,,,,,,,,,,,,,,,,,,
svt,7,0.8,954800000,-1.3052,133681,1755335.235,151.5801,0.025094,127681,6000,133681,19675,,,,,,,,,,,,,,,,,,,
svt,7,0.6,100000,9282.5312,118587,1380477.668,0.0297578,0.01272,112587,6000,118587,14359,,,,,,,,,,,,,,,,,,,
svt,7,0.6,50300000,9.5884,118086,1374835.133,3.545,0.012588,112086,6000,118086,13858,,,,,,,,,,,,,,,,,,,
svt,7,0.6,100600000,0.2421,118086,1374835.133,7.0723,0.012588,112086,6000,118086,13858,,,,,,,,,,,,,,,,,,,
svt,7,0.6,150800000,0,126368,1509075.706,11.2695,0.013854,120368,6000,126368,20905,,,,,,,,,,,,,,,,,,,
svt,7,0.6,201100000,-1.0752,137047,1711166.637,16.9022,0.01567,131047,6000,137047,21819,,,,,,,,,,,,,,,,,,,
svt,7,0.6,251300000,-1.9027,138045,1743112.835,21.6716,0.016118,132045,6000,138045,21646,,,,,,,,,,,,,,,,,,,
svt,7,0.6,301600000,-2.627,137221,1702545.731,25.3644,0.015501,131221,6000,137221,21256,,,,,,,,,,,,,,,,,,,
svt,7,0.6,351800000,-3.0464,137066,1708386.295,29.7361,0.015579,131066,6000,137066,21422,,,,,,,,,,,,,,,,,,,
svt,7,0.6,402100000,-3.2903,136742,1750792.439,34.6337,0.016304,130742,6000,136742,21847,,,,,,,,,,,,,,,,,,,
svt,7,0.6,452300000,-3.684,135944,1691004.543,37.305,0.015429,129944,6000,135944,21455,,,,,,,,,,,,,,,,,,,
svt,7,0.6,502600000,-3.734,138082,1734922.315,42.7001,0.015974,132082,6000,138082,22416,,,,,,,,,,,,,,,,,,,
svt,7,0.6,552800000,-3.9748,137069,1712093.417,45.9948,0.015669,131069,6000,137069,21856,,,,,,,,,,,,,,,,,,,
svt,7,0.6,603100000,-4.2796,136827,1662937.091,48.3975,0.014916,130827,6000,136827,21616,,,,,,,,,,,,,,,,,,,
svt,7,0.6,653300000,-4.4436,136566,1667564.392,52.7435,0.015007,130566,6000,136566,21333,,,,,,,,,,,,,,,,,,,
svt,7,0.6,703500000,-4.4469,136692,1679572.931,57.257,0.015176,130692,6000,136692,21551,,,,,,,,,,,,,,,,,,,
svt,7,0.6,753800000,-4.4818,136842,1703564.925,62.4959,0.015574,130842,6000,136842,21648,,,,,,,,,,,,,,,,,,,
svt,7,0.6,804000000,-4.7289,136332,1660444.554,64.6326,0.014912,130332,6000,136332,21196,,,,,,,,,,,,,,,,,,,
svt,7,0.6,854300000,-4.7505,136340,1659328.985,68.4356,0.014894,130340,6000,136340,21348,,,,,,,,,,,,,,,,,,,
svt,7,0.6,904500000,-4.6827,136740,1703278.442,74.6849,0.015584,130740,6000,136740,21733,,,,,,,,,,,,,,,,,,,
svt,7,0.6,954800000,-4.9293,136792,1664452.681,76.888,0.01494,130792,6000,136792,21545,,,,,,,,,,,,,,,,,,,
svt,7,0.4,100000,9354.7744,119478,1402194.946,0.00459169,0.0068272,113478,6000,119478,14513,,,,,,,,,,,,,,,,,,,
svt,7,0.4,50300000,-19.4408,142033,1841656.755,1.9121,0.064216,136033,6000,142033,19889,,,,,,,,,,,,,,,,,,,
svt,7,0.4,100600000,-30.3049,141959,1733581.138,3.3328,0.050529,135959,6000,141959,19749,,,,,,,,,,,,,,,,,,,
svt,7,0.4,150800000,-32.6524,142464,1755034.374,4.9592,0.049148,136464,6000,142464,20148,,,,,,,,,,,,,,,,,,,
svt,7,0.4,201100000,-35.0448,142218,1734444.52,6.3626,0.048146,136218,6000,142218,20118,,,,,,,,,,,,,,,,,,,
svt,7,0.4,251300000,-34.8404,142686,1762130.535,8.1292,0.050867,136686,6000,142686,19906,,,,,,,,,,,,,,,,,,,
svt,7,0.4,301600000,-36.3758,141292,1725273.091,9.4082,0.048221,135292,6000,141292,19408,,,,,,,,,,,,,,,,,,,
svt,7,0.4,351800000,-36.7704,141902,1726198.508,10.9535,0.04989,135902,6000,141902,19577,,,,,,,,,,,,,,,,,,,
svt,7,0.4,402100000,-37.5009,142059,1724119.193,12.4634,0.049701,136059,6000,142059,19452,,,,,,,,,,,,,,,,,,,
svt,7,0.4,452300000,-37.4526,142106,1734984.482,14.0251,0.048164,136106,6000,142106,20013,,,,,,,,,,,,,,,,,,,
svt,7,0.4,502600000,-37.9123,141385,1721002.216,15.4676,0.048245,135385,6000,141385,19447,,,,,,,,,,,,,,,,,,,
svt,7,0.4,552800000,-37.1628,141972,1746438.58,17.3423,0.048924,135972,6000,141972,19804,,,,,,,,,,,,,,,,,,,
svt,7,0.4,603100000,-37.2645,142134,1754416.635,19.0172,0.048904,136134,6000,142134,19990,,,,,,,,,,,,,,,,,,,
svt,7,0.4,653300000,-37.9065,142558,1752471.837,20.4696,0.049884,136558,6000,142558,20390,,,,,,,,,,,,,,,,,,,
svt,7,0.4,703500000,-38.484,141813,1726069.042,21.6962,0.051312,135813,6000,141813,19285,,,,,,,,,,,,,,,,,,,
svt,7,0.4,753800000,-37.8953,141903,1737614.292,23.3902,0.048632,135903,6000,141903,19668,,,,,,,,,,,,,,,,,,,
svt,7,0.4,804000000,-38.2293,142050,1734036.708,24.8352,0.049075,136050,6000,142050,19709,,,,,,,,,,,,,,,,,,,
svt,7,0.4,854300000,-37.5761,142505,1755924.188,26.8259,0.051771,136505,6000,142505,19929,,,,,,,,,,,,,,,,,,,
svt,7,0.4,904500000,-38.4003,141563,1730890.484,27.8464,0.04866,135563,6000,141563,19283,,,,,,,,,,,,,,,,,,,
svt,7,0.4,954800000,-38.5132,141680,1733277.449,29.4444,0.049674,135680,6000,141680,19668,,,,,,,,,,,,,,,,,,,
